{
  "monthly": {
    "2025-12": {
      "input_tokens": 1273956,
      "output_tokens": 109325,
      "cost_usd": 0.975795775,
      "calls": 1873,
      "by_model": {
        "gemini-2.5-flash": {
          "input_tokens": 63622,
          "output_tokens": 38082,
          "cost_usd": 0.11367262499999999,
          "calls": 99
        },
        "gemini-embedding-001": {
          "input_tokens": 1037942,
          "output_tokens": 0,
          "cost_usd": 0.0,
          "calls": 1641
        },
        "gemini-2.0-flash": {
          "input_tokens": 35335,
          "output_tokens": 2621,
          "cost_usd": 0.004581900000000001,
          "calls": 10
        },
        "gemini-3-pro-preview": {
          "input_tokens": 137057,
          "output_tokens": 68622,
          "cost_usd": 0.8575412500000001,
          "calls": 123
        }
      }
    }
  },
  "total": {
    "input_tokens": 1273956,
    "output_tokens": 109325,
    "cost_usd": 0.975795775
  },
  "_note": "2025-12-29リセット: 日本語トークン計算修正後"
}